{"cameraMode":{"drawMode":0,"name":"Shaded","section":"Shading Mode"},"sceneLighting":true,"audioPlay":false,"sceneViewState":{"m_AlwaysRefresh":false,"showFog":true,"showSkybox":true,"showFlares":true,"showImageEffects":true,"showParticleSystems":true,"showVisualEffectGraphs":true,"m_FxEnabled":true},"in2DMode":false,"pivot":{"x":8.609009742736817,"y":-13.172645568847657,"z":2.0859851837158205},"rotation":{"x":-0.37617820501327517,"y":0.13875560462474824,"z":-0.05707418918609619,"w":-0.9143459796905518},"size":37.34806442260742,"orthographic":false}