{"cameraMode":{"drawMode":0,"name":"Shaded","section":"Shading Mode"},"sceneLighting":true,"audioPlay":false,"sceneViewState":{"m_AlwaysRefresh":false,"showFog":true,"showSkybox":true,"showFlares":true,"showImageEffects":true,"showParticleSystems":true,"showVisualEffectGraphs":true,"m_FxEnabled":true},"in2DMode":false,"pivot":{"x":-15.929779052734375,"y":-0.19976425170898438,"z":8.147769927978516},"rotation":{"x":-0.5329138040542603,"y":-0.23796044290065766,"z":0.1592622995376587,"w":-0.7962494492530823},"size":20.477577209472658,"orthographic":false}