{"cameraMode":{"drawMode":0,"name":"Shaded","section":"Shading Mode"},"sceneLighting":true,"audioPlay":false,"sceneViewState":{"m_AlwaysRefresh":false,"showFog":true,"showSkybox":false,"showFlares":true,"showImageEffects":true,"showParticleSystems":true,"showVisualEffectGraphs":true,"m_FxEnabled":true},"in2DMode":false,"pivot":{"x":-0.4202730059623718,"y":-0.06957626342773438,"z":0.5575952529907227},"rotation":{"x":-0.2436547726392746,"y":0.03694609925150871,"z":-0.009268494322896004,"w":-0.9691370129585266},"size":4.469779968261719,"orthographic":false}