{"cameraMode":{"drawMode":0,"name":"Shaded","section":"Shading Mode"},"sceneLighting":true,"audioPlay":false,"sceneViewState":{"m_AlwaysRefresh":false,"showFog":true,"showSkybox":false,"showFlares":true,"showImageEffects":true,"showParticleSystems":true,"showVisualEffectGraphs":true,"m_FxEnabled":true},"in2DMode":false,"pivot":{"x":-0.14792799949645997,"y":-0.7610640525817871,"z":-0.995485782623291},"rotation":{"x":-0.4355922043323517,"y":0.061228297650814059,"z":-0.029692599549889566,"w":-0.8975932002067566},"size":3.807659387588501,"orthographic":false}